40.7476706,-73.9953991,227 W 27th St,New York,NY,10001,USA
40.7476699,-73.9975237,307 W 26th St,New York,NY,10001,USA
40.74572,-73.9985975,309 W 23rd St,New York,NY,10011,USA
40.7492285,-73.9987408,296 9th Ave,New York,NY,10001,USA
40.7482318,-74.0082666,62 Chelsea Piers,New York,NY,10011,USA
40.7454431,-74.00683269999999,512 W 19th St,New York,NY,10011,USA
40.7499952,-74.0028887,287 10th Ave,New York,NY,10001,USA
40.7412347,-74.00670319999999,420 W 14th St,New York,NY,10014,USA
40.7377594,-74.0078522,775 Washington St,New York,NY,10014,USA
40.73255169999999,-74.00808909999999,154 Christopher St #1E,New York,NY,10014,USA
40.7334327,-74.0060815,510 Hudson St,New York,NY,10014,USA
40.73125950000001,-74.0053119,38 Commerce St,New York,NY,10014,USA
40.7234145,-74.0068431,75 Varick St,New York,NY,10013,USA
40.7240204,-74.0099664,135 Watts St,New York,NY,10013,USA
40.7207514,-74.0021597,19 Mercer St,New York,NY,10013,USA
40.7242167,-74.0002988,91 Greene St,New York,NY,10012,USA
40.7204253,-73.9952904,151 Elizabeth St,New York,NY,10012,USA
40.7198704,-73.9773763,442 E Houston St,New York,NY,10002,USA
40.7247946,-73.9750857,454 E 10th St,New York,NY,10009,USA
40.7294475,-73.9786838,538 E 14th St,New York,NY,10009,USA
40.7350122,-73.9793327,348 1st Avenue,New York,NY,10010,USA
40.7379477,-73.9782152,345 E 24th St,New York,NY,10010,USA
40.7389512,-73.9807881,241 E 24th St,New York,NY,10010,USA
40.743833,-73.9799163,446 3rd Ave,New York,NY,10016,USA
40.7467315,-73.980537,115 E 34th St,New York,NY,10016,USA
40.74588199999999,-73.9815031,1 Park Ave,New York,NY,10016,USA
40.7516462,-73.9812365,10 East 40th Street,New York,NY,10016,USA
40.7512109,-73.98638009999999,980 6th Ave,New York,NY,10018,USA
40.7459456,-73.9917519,115 W 27th St,New York,NY,10001,USA
40.7563592,-73.9888728,234 W 42nd St,New York,NY,10036,USA
40.7623955,-73.9851266,222 W 51st St,New York,NY,10019,USA
40.7665961,-73.9788694,180 Central Park S,New York,NY,10019,USA
40.7804964,-73.9810906,2124 Broadway,New York,NY,10023,USA
40.7954009,-73.96588849999999,808 Columbus Ave,New York,NY,10025,USA
40.8026436,-73.9674016,2790 Broadway,New York,NY,10025,USA
40.8069748,-73.9603676,435 W 116th St,New York,NY,10027,USA
40.7925514,-73.95200740000001,1220 5th Ave,New York,NY,10029,USA
40.810033,-73.9500391,253 W 125th St,New York,NY,10027,USA
40.8152483,-73.9443203,200 W 135th St,New York,NY,10030,USA
40.8179376,-73.9543427,530 W 133rd St,New York,NY,10027,USA
40.8334199,-73.945917,3755 Broadway,New York,NY,10032,USA
40.8464767,-73.9378929,4140 Broadway,New York,NY,10033,USA
40.7457018,-73.9484841,4602 21st St,Long Island City,NY,11101,USA
40.7470143,-73.9438751,1 Ct Square W,Long Island City,NY,11120,USA
40.7487501,-73.9490658,11-11 44th Dr,Queens,NY,11101,USA
40.7478972,-73.9439665,2 Ct Square W,Long Island City,NY,11101,USA
40.7518548,-73.9473278,11-01 43rd Ave,Long Island City,NY,11101,USA
40.7527598,-73.9405523,23-10 41st Ave,Long Island City,NY,11101,USA
40.743285,-73.93350869999999,45-35 Van Dam St,Long Island City,NY,11101,USA
40.7283129,-73.9579758,52 Noble St,Brooklyn,NY,11222,USA
40.7222894,-73.95783279999999,74 Wythe Ave,Brooklyn,NY,11249,USA
40.7191281,-73.9617399,66 N 6th St,Brooklyn,NY,11211,USA
40.7141132,-73.9599365,217 Grand St,Brooklyn,NY,11211,USA
40.7098747,-73.94587,87 Ten Eyck St,Brooklyn,NY,11206,USA
40.704541,-73.94530499999999,29 Leonard St,Brooklyn,NY,11206,USA
40.7527305,-73.9277365,37-6 36th St,Long Island City,NY,11101,USA
40.7558363,-73.9410704,39-34 21st St,Long Island City,NY,11101,USA
40.6950099,-73.99233509999999,128 Pierrepont St,Brooklyn,NY,11201,USA
40.6907764,-73.99218499999999,106 Court St,Brooklyn,NY,11201,USA
40.6792204,-74.0121891,159 Pioneer St,Brooklyn,NY,11231,USA
40.6719958,-73.99389479999999,118 2nd Ave,Brooklyn,NY,11215,USA
40.6685971,-73.9844328,357 9th St,Brooklyn,NY,11215,USA
40.6790268,-73.98306269999999,622 Degraw St,Brooklyn,NY,11217,USA
40.6708884,-73.97450789999999,274 Garfield Pl,Brooklyn,NY,11215,USA
40.7312983,-74.0015658,327 AVENUE OF THE AMERICAS,New York,NY,10014,USA
40.7046762,-74.0058062,60 SOUTH STREET,New York,NY,10005,USA
40.7508359,-73.9797974,28 EAST 40 STREET,New York,NY,10016,USA
40.716619,-74.0068668,50 THOMAS STREET,New York,NY,10013,USA
40.74033720000001,-73.9873337,40 EAST 23 STREET,New York,NY,10010,USA
40.7451997,-74.0053686,459 WEST 19 STREET,New York,NY,10011,USA
40.7259191,-74.0015145,160 PRINCE STREET,New York,NY,10012,USA
40.7235664,-74.0037293,45 THOMPSON STREET,New York,NY,10013,USA
40.7523621,-73.9803027,19 EAST 41 STREET,New York,NY,10017,USA
40.734387,-74.007823,133 CHARLES STREET,New York,NY,10014,USA
40.7245394,-73.9822911,538 EAST 6 STREET,New York,NY,10009,USA
40.7129635,-73.9951669,51 HENRY STREET,New York,NY,10002,USA
40.7320023,-73.98777059999999,87 3 AVENUE,New York,NY,10003,USA
40.7219093,-73.99576429999999,37 SPRING STREET,New York,NY,10012,USA
40.735199,-74.00425500000001,78 PERRY STREET,New York,NY,10014,USA
40.7492053,-73.9836157,377 5 AVENUE,New York,NY,10016,USA
40.7545731,-73.99706340000002,425 WEST 35 STREET,New York,NY,10001,USA
40.7380773,-73.9921079,99 5 AVENUE,New York,NY,10003,USA
40.7470224,-73.98945499999999,846 AVENUE OF THE AMERICAS,New York,NY,10001,USA
40.745689,-73.98483499999999,126 MADISON AVENUE,New York,NY,10016,USA
40.71846559999999,-74.0079495,18 LEONARD STREET,New York,NY,10013,USA
40.71719119999999,-74.0032894,61 FRANKLIN STREET,New York,NY,10013,USA
40.72913399999999,-73.9857811,220 EAST 10 STREET,New York,NY,10003,USA
40.7454721,-73.9927376,135 WEST 26 STREET,New York,NY,10001,USA
40.728772,-73.97999999999999,525 EAST 12 STREET,New York,NY,10009,USA
40.75292210000001,-73.9802675,20 EAST 42 STREET,New York,NY,10017,USA
40.735235,-74.0047116,88 PERRY STREET,New York,NY,10014,USA
40.7201706,-74.0004036,12 CROSBY STREET,New York,NY,10013,USA
40.743696,-73.97478799999999,335 EAST 33 STREET,New York,NY,10016,USA
40.718319,-73.9903523,260 BROOME STREET,New York,NY,10002,USA
40.739636,-73.99574199999999,105 WEST 17 STREET,New York,NY,10011,USA
40.7338558,-73.99909699999999,412 AVENUE OF THE AMERICAS,New York,NY,10011,USA
40.7441871,-73.98090320000001,134 EAST 31 STREET,New York,NY,10016,USA
40.73199810000001,-74.0043176,49 BARROW STREET,New York,NY,10014,USA
40.7440673,-74.00682549999999,500 WEST 17 STREET,New York,NY,10011,USA
40.74555369999999,-73.98796159999999,14 WEST 29 STREET,New York,NY,10001,USA
40.7262156,-74.0008881,454 WEST BROADWAY,New York,NY,10012,USA
40.7391508,-74.0036263,306 WEST 13 STREET,New York,NY,10014,USA
40.7095178,-74.0121593,113 CEDAR STREET,New York,NY,10006,USA
40.7512292,-73.9821183,435 5 AVENUE,New York,NY,10016,USA
40.7342685,-73.99199109999999,46 EAST 13 STREET,New York,NY,10003,USA
40.7260759,-73.9841459,128 EAST 7 STREET,New York,NY,10009,USA
40.7439914,-73.98604130000001,76 MADISON AVENUE,New York,NY,10016,USA
40.7251464,-73.99376749999999,314 MOTT STREET,New York,NY,10012,USA
40.740029,-73.97804599999999,315 EAST 26 STREET,New York,NY,10010,USA
40.7273638,-73.9806314,327 EAST 10 STREET,New York,NY,10009,USA
40.7459393,-74.0070326,521 WEST 19 STREET,New York,NY,10011,USA
40.7113593,-73.9810114,65 JACKSON STREET,New York,NY,10002,USA
40.7230239,-74.00291709999999,495 BROOME STREET,New York,NY,10013,USA
40.7289777,-73.981662,189 AVENUE A,New York,NY,10009,USA
40.7452348,-73.9899673,45 WEST 27 STREET,New York,NY,10001,USA
40.7347704,-74.0029251,247 WEST 4 STREET,New York,NY,10014,USA
40.7216731,-73.9888118,82 STANTON STREET,New York,NY,10002,USA
40.7178055,-73.9921548,102 ELDRIDGE STREET,New York,NY,10002,USA
40.7420082,-74.0015585,311 WEST 17 STREET,New York,NY,10011,USA
40.7121635,-74.0103563,33 VESEY STREET,New York,NY,10007,USA
40.7475822,-73.9846238,4 EAST 33 STREET,New York,NY,10016,USA
40.7481095,-74.00764439999999,128 11 AVENUE,New York,NY,10011,USA
40.740997,-73.985401,329 PARK AVENUE SOUTH,New York,NY,10010,USA
40.7215344,-73.98740579999999,172 LUDLOW STREET,New York,NY,10002,USA
40.7333505,-74.0074094,696 GREENWICH STREET,New York,NY,10014,USA
40.729356,-74.0105414,344 WEST STREET,New York,NY,10014,USA
40.7225123,-73.9957913,232 MULBERRY STREET,New York,NY,10012,USA
40.7186704,-74.00297069999999,395 BROADWAY,New York,NY,10013,USA
40.7421311,-73.9812427,161 EAST 28 STREET,New York,NY,10016,USA
40.7264942,-73.9767079,178 AVENUE C,New York,NY,10009,USA
40.7285475,-73.98701700000001,43 ST MARKS PLACE,New York,NY,10003,USA
40.7107787,-73.9866411,261 CLINTON STREET,New York,NY,10002,USA
40.7461421,-73.99135509999999,112 WEST 28 STREET,New York,NY,10001,USA
40.7194713,-73.9940792,155 BOWERY,New York,NY,10002,USA
40.721553,-74.008764,153 HUDSON STREET,New York,NY,10013,USA
40.7228476,-73.9948435,30 PRINCE STREET,New York,NY,10012,USA
40.7344416,-74.0075942,129 CHARLES STREET,New York,NY,10014,USA
40.7488079,-73.9915867,150 WEST 31 STREET,New York,NY,10001,USA
40.734308,-74.0062521,116 CHARLES STREET,New York,NY,10014,USA
40.746257,-74.002201,415 WEST 22 STREET,New York,NY,10011,USA
40.7254802,-73.97717720000001,404 EAST 10 STREET,New York,NY,10009,USA
40.751789,-73.991033,218 WEST 35 STREET,New York,NY,10001,USA
40.7473804,-73.9873965,31 WEST 31 STREET,New York,NY,10001,USA
40.7290983,-74.00486889999999,65 DOWNING STREET,New York,NY,10014,USA
40.7360271,-74.0005436,60 GREENWICH AVENUE,New York,NY,10011,USA
40.72034250000001,-73.9862737,139 STANTON STREET,New York,NY,10002,USA
40.7336446,-73.9995454,400 AVENUE OF THE AMERICAS,New York,NY,10011,USA
40.72667,-73.974616,181 AVENUE D,New York,NY,10009,USA
40.738613,-74.006198,62 HORATIO STREET,New York,NY,10014,USA
40.7223893,-74.0069144,3 VESTRY STREET,New York,NY,10013,USA
40.7307505,-73.9835312,354 EAST 13 STREET,New York,NY,10003,USA
40.7381186,-73.9969064,100 WEST 15 STREET,New York,NY,10011,USA
40.7418089,-73.99651949999999,158 WEST 20 STREET,New York,NY,10011,USA
40.726265,-73.99663869999999,627 BROADWAY,New York,NY,10012,USA
40.7200289,-73.994536,160 BOWERY,New York,NY,10012,USA
40.7327165,-74.0096396,183 CHRISTOPHER STREET,New York,NY,10014,USA
40.745546,-73.9889518,1185 BROADWAY,New York,NY,10001,USA
40.74681270000001,-73.9917079,127 WEST 28 STREET,New York,NY,10001,USA
40.7247191,-74.0104169,466 WASHINGTON STREET,New York,NY,10013,USA
40.7245743,-74.0041268,40 SULLIVAN STREET,New York,NY,10012,USA
40.7235182,-73.9953455,254 MULBERRY STREET,New York,NY,10012,USA
40.730253,-73.9882799,116 EAST 10 STREET,New York,NY,10003,USA
40.7157939,-74.0075794,182 CHURCH STREET,New York,NY,10013,USA
40.7331518,-74.0098174,2 WEEHAWKEN STREET,New York,NY,10014,USA
40.747273,-73.97338599999999,305 EAST 38 STREET,New York,NY,10016,USA
40.7181117,-74.00206829999999,20 CORTLANDT ALLEY,New York,NY,10013,USA
40.7175857,-73.9986481,109 MULBERRY STREET,New York,NY,10013,USA
40.7196875,-74.0027353,308 CANAL STREET,New York,NY,10013,USA
40.74832,-73.9886324,892 AVENUE OF THE AMERICAS,New York,NY,10001,USA
40.69267139999999,-74.0182386,134 GOVERNORS ISLAND,New York,NY,10004,USA
40.718728,-73.9896868,85 DELANCEY STREET,New York,NY,10002,USA
40.7344608,-74.00325289999999,240 WEST 4 STREET,New York,NY,10014,USA
40.735162,-73.9987529,453 AVENUE OF THE AMERICAS,New York,NY,10011,USA
40.72588590000001,-74.0015842,118 THOMPSON STREET,New York,NY,10012,USA
40.7364223,-73.9853327,148 EAST 19 STREET,New York,NY,10003,USA
40.7062343,-74.0151666,34 WASHINGTON STREET,New York,NY,10004,USA
40.7314606,-74.0031923,2 MORTON STREET,New York,NY,10014,USA
40.7365809,-73.9949747,21 WEST 14 STREET,New York,NY,10011,USA
40.7456723,-73.9871199,270 5 AVENUE,New York,NY,10001,USA
40.7379287,-73.9890759,44 EAST 19 STREET,New York,NY,10003,USA
40.7430303,-73.9864099,54 MADISON AVENUE,New York,NY,10010,USA
40.7395438,-74.0079204,81 GANSEVOORT STREET,New York,NY,10014,USA
40.7411017,-73.9965757,142 WEST 19 STREET,New York,NY,10011,USA
40.7479906,-73.9819339,26 EAST 35 STREET,New York,NY,10016,USA
40.7286375,-74.0014274,88 MAC DOUGAL STREET,New York,NY,10012,USA
40.741264,-73.995299,120 WEST 20 STREET,New York,NY,10011,USA
40.7321339,-73.9854917,221 2 AVENUE,New York,NY,10003,USA
40.7492849,-73.9952074,392 8 AVENUE,New York,NY,10001,USA
40.7271546,-73.98014959999999,339 EAST 10 STREET,New York,NY,10009,USA
40.7463583,-73.98169109999999,100 EAST 33 STREET,New York,NY,10016,USA
40.7268842,-73.9877305,316 EAST 6 STREET,New York,NY,10003,USA
40.7358127,-74.0075779,327 WEST 11 STREET,New York,NY,10014,USA
40.7189758,-74.0101663,28 HARRISON STREET,New York,NY,10013,USA
40.718489,-74.01101700000001,41 HARRISON STREET,New York,NY,10013,USA
40.743578,-73.978336,223 EAST 31 STREET,New York,NY,10016,USA
40.7249271,-73.9903621,40 EAST 2 STREET,New York,NY,10003,USA
40.7370095,-74.0066751,786 GREENWICH STREET,New York,NY,10014,USA
40.7373314,-74.00915379999999,394 WEST 12 STREET,New York,NY,10014,USA
40.7032618,-74.0110844,28 WATER STREET,New York,NY,10004,USA
40.733641,-74.00993869999999,402 WEST STREET,New York,NY,10014,USA
40.7445014,-73.9921103,101 WEST 25 STREET,New York,NY,10001,USA
40.7403797,-74.00031059999999,230 WEST 16 STREET,New York,NY,10011,USA
40.746593,-74.004718,188 10 AVENUE,New York,NY,10011,USA
40.7376886,-74.00084389999999,20 7 AVENUE,New York,NY,10011,USA
40.7347155,-73.9923483,120 UNIVERSITY PLACE,New York,NY,10003,USA
40.7288163,-73.9995675,207 THOMPSON STREET,New York,NY,10012,USA
40.7174919,-73.9954102,151 HESTER STREET,New York,NY,10013,USA
40.7324446,-73.98612609999999,230 EAST 14 STREET,New York,NY,10003,USA
40.721373,-73.985147,171 SUFFOLK STREET,New York,NY,10002,USA
40.7142346,-74.00925289999999,47 MURRAY STREET,New York,NY,10007,USA
40.7476464,-74.0067281,542 WEST 22 STREET,New York,NY,10011,USA
40.7108629,-74.0106339,21 DEY STREET,New York,NY,10007,USA
40.7385477,-73.9827947,202 EAST 23 STREET,New York,NY,10010,USA
40.7275578,-73.98765759999999,50 EAST 7 STREET,New York,NY,10003,USA
40.7262143,-73.9947256,55 BLEECKER STREET,New York,NY,10012,USA
40.7135865,-73.9904231,12 RUTGERS STREET,New York,NY,10002,USA
40.731553,-74.0002227,143 WEST 4 STREET,New York,NY,10012,USA
40.7500219,-73.9856157,35 WEST 35 STREET,New York,NY,10001,USA
40.7274742,-73.9921269,37 EAST 4 STREET,New York,NY,10003,USA
40.7226607,-73.9899137,241 ELDRIDGE STREET,New York,NY,10002,USA
40.7231538,-73.9772643,272 EAST 7 STREET,New York,NY,10009,USA
40.71570670000001,-73.9939685,99 CANAL STREET,New York,NY,10002,USA
40.7122736,-73.98499269999999,56 MONTGOMERY STREET,New York,NY,10002,USA
40.7393428,-74.0031812,67 8 AVENUE,New York,NY,10014,USA
40.7443475,-73.982235,119 EAST 30 STREET,New York,NY,10016,USA
40.7461741,-73.98315219999999,37 EAST 32 STREET,New York,NY,10016,USA
40.7476541,-74.0008829,237 9 AVENUE,New York,NY,10001,USA
40.744359,-73.997749,259 WEST 22 STREET,New York,NY,10011,USA
40.7306926,-73.9857445,186 2 AVENUE,New York,NY,10003,USA
40.750342,-73.989817,142 WEST 34 STREET,New York,NY,10001,USA
40.71847959999999,-74.00952410000001,7 HARRISON STREET,New York,NY,10013,USA
40.7236857,-73.9877463,26 1 AVENUE,New York,NY,10009,USA
40.7237466,-73.9766915,394 EAST 8 STREET,New York,NY,10009,USA
40.7254953,-73.9986235,138 GREENE STREET,New York,NY,10012,USA
40.717305,-74.0085663,88 THOMAS STREET,New York,NY,10013,USA
40.73823,-74.001543,224 WEST 13 STREET,New York,NY,10011,USA
40.7215968,-74.00304109999999,24 WOOSTER STREET,New York,NY,10013,USA
40.7155652,-73.99264029999999,21 ALLEN STREET,New York,NY,10002,USA
40.746844,-74.002875,436 WEST 23 STREET,New York,NY,10011,USA
40.7381832,-74.0055861,623 HUDSON STREET,New York,NY,10014,USA
40.7310802,-74.0038977,18 MORTON STREET,New York,NY,10014,USA
40.7452202,-73.97811949999999,495 3 AVENUE,New York,NY,10016,USA
40.7068228,-74.0085182,54 PINE STREET,New York,NY,10005,USA
40.722031,-74.007266,32 LAIGHT STREET,New York,NY,10013,USA
40.7394916,-73.98124760000002,220 EAST 25 STREET,New York,NY,10010,USA
40.7354099,-74.00821189999999,344 WEST 11 STREET,New York,NY,10014,USA
40.7479263,-73.97884239999999,282 LEXINGTON AVENUE,New York,NY,10016,USA
40.7393987,-73.99074689999999,133 5 AVENUE,New York,NY,10003,USA
40.7196857,-74.007032,16 NORTH MOORE STREET,New York,NY,10013,USA
40.7193111,-73.9820767,343 STANTON STREET,New York,NY,10002,USA
40.7477221,-73.9920734,155 WEST 29 STREET,New York,NY,10001,USA
40.7176569,-74.00278780000001,6 CORTLANDT ALLEY,New York,NY,10013,USA
40.7403217,-73.9858831,303 PARK AVENUE SOUTH,New York,NY,10010,USA
40.7522667,-74.000181,460 WEST 31 STREET,New York,NY,10001,USA
40.7315893,-73.99446340000001,21 UNIVERSITY PLACE,New York,NY,10003,USA
40.725235,-73.979153,327 EAST 8 STREET,New York,NY,10009,USA
40.737489,-74.002522,246 WEST 12 STREET,New York,NY,10014,USA
40.7222045,-74.003091,68 GRAND STREET,New York,NY,10013,USA
40.7534221,-74.0048013,606 WEST 30 STREET,New York,NY,10001,USA
40.7312895,-73.99962409999999,37 WASHINGTON SQUARE WEST,New York,NY,10011,USA
40.744569,-74.00015599999999,313 WEST 21 STREET,New York,NY,10011,USA
40.7398485,-74.0074348,28 LITTLE WEST 12 STREET,New York,NY,10014,USA
40.713278,-74.00847399999999,19 PARK PLACE,New York,NY,10007,USA
40.7240768,-73.9993546,117 MERCER STREET,New York,NY,10012,USA
40.7541488,-73.9999184,501 WEST 33 STREET,New York,NY,10001,USA
40.717634,-74.0024233,77 WHITE STREET,New York,NY,10013,USA
40.74381,-73.984072,416 PARK AVENUE SOUTH,New York,NY,10016,USA
40.7347648,-74.0052492,93 CHARLES STREET,New York,NY,10014,USA
40.7150042,-74.0092947,60 WARREN STREET,New York,NY,10007,USA
40.7173024,-73.99514649999999,149 HESTER STREET,New York,NY,10002,USA
40.738403,-74.003559,48 8 AVENUE,New York,NY,10014,USA
40.72551929999999,-73.9957017,154 CROSBY STREET,New York,NY,10012,USA
40.7326111,-73.9981178,1 MAC DOUGAL ALLEY,New York,NY,10011,USA
40.743415,-74.00306499999999,359 WEST 18 STREET,New York,NY,10011,USA
40.7465582,-73.9811847,3 PARK AVENUE,New York,NY,10016,USA
40.746989,-73.98862559999999,1231 BROADWAY,New York,NY,10001,USA
40.7421787,-73.99638,159 WEST 20 STREET,New York,NY,10011,USA
40.7372137,-73.99984169999999,169 WEST 12 STREET,New York,NY,10011,USA
40.69267139999999,-74.0182386,654 GOVERNORS ISLAND,New York,NY,10004,USA
40.7314567,-73.99553809999999,50 WASHINGTON MEWS,New York,NY,10003,USA
40.732168,-73.993055,34 EAST 10 STREET,New York,NY,10003,USA
40.7191315,-74.00434260000002,295 CHURCH STREET,New York,NY,10013,USA
40.727809,-73.9848343,140 1 AVENUE,New York,NY,10009,USA
40.7331082,-73.9995658,388 AVENUE OF THE AMERICAS,New York,NY,10011,USA
40.71563769999999,-73.9836062,10 PITT STREET,New York,NY,10002,USA
40.7212488,-73.9838271,2 CLINTON STREET,New York,NY,10002,USA
40.7296465,-74.0021021,2 MINETTA STREET,New York,NY,10012,USA
40.7365788,-73.9821556,359 2 AVENUE,New York,NY,10010,USA
40.7378436,-73.98767819999999,239 PARK AVENUE SOUTH,New York,NY,10003,USA
40.7179174,-74.0039378,3 FRANKLIN PLACE,New York,NY,10013,USA
40.7237208,-73.9787783,98 AVENUE C,New York,NY,10009,USA
40.7485419,-73.97739229999999,146 EAST 38 STREET,New York,NY,10016,USA
40.7178933,-73.9967712,171 HESTER STREET,New York,NY,10013,USA
40.68945009999999,-74.016792,20 GOVERNORS ISLAND,New York,NY,10004,USA
40.7466854,-73.9744846,300 EAST 37 STREET,New York,NY,10016,USA
40.7385698,-73.99322289999999,17 WEST 17 STREET,New York,NY,10011,USA
40.736785,-74.002674,30 BANK STREET,New York,NY,10014,USA
40.7459032,-73.9826868,52 EAST 32 STREET,New York,NY,10016,USA
40.745009,-74.00422,428 WEST 20 STREET,New York,NY,10011,USA
40.7390402,-74.00311239999999,68 8 AVENUE,New York,NY,10011,USA
40.736503,-73.99149899999999,21 UNION SQUARE,New York,NY,10003,USA
40.7351225,-73.9992378,5 PATCHIN PLACE,New York,NY,10011,USA
40.7383266,-74.0053538,628 HUDSON STREET,New York,NY,10014,USA
40.7258991,-73.9844592,437 EAST 6 STREET,New York,NY,10009,USA
40.734247,-74.008246,685 WASHINGTON STREET,New York,NY,10014,USA
40.745781,-73.9755167,647 2 AVENUE,New York,NY,10016,USA
40.7267093,-74.00645759999999,61 VANDAM STREET,New York,NY,10013,USA
40.7208586,-73.9791637,310 EAST 3 STREET,New York,NY,10009,USA
40.7379151,-73.98350669999999,204 EAST 22 STREET,New York,NY,10010,USA
40.7345706,-74.00654279999999,115 CHARLES STREET,New York,NY,10014,USA
40.7296059,-73.985124,326 EAST 11 STREET,New York,NY,10003,USA
40.74516630000001,-74.00180519999999,357 WEST 21 STREET,New York,NY,10011,USA
40.747117,-73.978056,5 SNIFFEN COURT,New York,NY,10016,USA
40.734814,-73.99630499999999,35 WEST 11 STREET,New York,NY,10011,USA
40.7392153,-74.00371299999999,308 WEST 13 STREET,New York,NY,10014,USA
40.7318986,-74.0022561,14 JONES STREET,New York,NY,10014,USA
40.73819170000001,-73.9874273,103 EAST 20 STREET,New York,NY,10003,USA
40.761094,-74.00180329999999,198 12 AVENUE,New York,NY,10001,USA
40.748569,-73.998057,270 9 AVENUE,New York,NY,10001,USA
40.7183029,-74.0053762,99 FRANKLIN STREET,New York,NY,10013,USA
40.747027,-74.005055,197 10 AVENUE,New York,NY,10011,USA
40.7357916,-74.0008931,55 GREENWICH AVENUE,New York,NY,10014,USA
40.7273104,-73.9865755,74 EAST 7 STREET,New York,NY,10003,USA
40.727964,-74.0062172,78 KING STREET,New York,NY,10014,USA
40.7446423,-73.9855077,22 EAST 29 STREET,New York,NY,10016,USA
40.73546839999999,-73.9959696,37 WEST 12 STREET,New York,NY,10011,USA
40.727549,-73.986515,71 EAST 7 STREET,New York,NY,10003,USA
40.748095,-73.9792724,119 EAST 36 STREET,New York,NY,10016,USA
40.7295269,-73.9744623,700 EAST 16 STREET,New York,NY,10009,USA
40.72010400000001,-74.0035748,325 CHURCH STREET,New York,NY,10013,USA
40.7273595,-73.9871761,62 EAST 7 STREET,New York,NY,10003,USA
40.72960519999999,-73.9994648,227 SULLIVAN STREET,New York,NY,10012,USA
40.7268131,-73.9866533,339 EAST 6 STREET,New York,NY,10003,USA
40.7327498,-73.9980013,30 WEST 8 STREET,New York,NY,10011,USA
40.7311787,-73.98309619999999,231 1 AVENUE,New York,NY,10003,USA
40.7267314,-74.0066902,67 VANDAM STREET,New York,NY,10013,USA
40.72495139999999,-74.0032272,194 SPRING STREET,New York,NY,10012,USA
40.744499,-74.0000457,311 WEST 21 STREET,New York,NY,10011,USA
40.7134509,-74.0083358,16 MURRAY STREET,New York,NY,10007,USA
40.733088,-73.985979,225 EAST 14 STREET,New York,NY,10003,USA
40.7231738,-74.0101638,433 WASHINGTON STREET,New York,NY,10013,USA
40.7278446,-74.0037217,23 KING STREET,New York,NY,10014,USA
40.7330812,-73.9908416,65 EAST 12 STREET,New York,NY,10003,USA
40.7243927,-73.9781493,354 EAST 8 STREET,New York,NY,10009,USA
40.7364869,-74.007662,121 BANK STREET,New York,NY,10014,USA
40.7226656,-73.9979765,75 CROSBY STREET,New York,NY,10012,USA
40.746619,-73.98965919999999,51 WEST 29 STREET,New York,NY,10001,USA
40.7384573,-74.0086201,99 JANE STREET,New York,NY,10014,USA
40.7383466,-73.9873148,251 PARK AVENUE SOUTH,New York,NY,10010,USA
40.719141,-73.983768,178 RIVINGTON STREET,New York,NY,10002,USA
40.7228375,-73.984819,166 EAST 2 STREET,New York,NY,10009,USA
40.7193817,-73.9941,338 BROOME STREET,New York,NY,10002,USA
40.7268698,-74.0040863,20 CHARLTON STREET,New York,NY,10014,USA
40.7435796,-74.0007378,310 WEST 20 STREET,New York,NY,10011,USA
40.7277859,-73.9879512,116 2 AVENUE,New York,NY,10003,USA
40.75218570000001,-73.98048589999999,18 EAST 41 STREET,New York,NY,10017,USA
40.7534418,-73.9786487,33 EAST 43 STREET,New York,NY,10017,USA
40.7496561,-73.9991112,400 WEST 28 STREET,New York,NY,10001,USA
40.71829049999999,-74.0013294,86 WALKER STREET,New York,NY,10013,USA
40.7396094,-74.0060448,291.5 WEST 12 STREET,New York,NY,10014,USA
40.7423118,-73.9782377,248 EAST 30 STREET,New York,NY,10016,USA
40.73102280000001,-73.9903231,71 4 AVENUE,New York,NY,10003,USA
40.7453241,-73.9942107,165 WEST 25 STREET,New York,NY,10001,USA
40.727002,-73.992513,42 GREAT JONES STREET,New York,NY,10012,USA
40.71922,-74.0024072,411 BROADWAY,New York,NY,10013,USA
40.7198941,-73.99459569999999,156 BOWERY,New York,NY,10012,USA
40.7361818,-74.0004872,156 WEST 11 STREET,New York,NY,10011,USA
40.7232092,-73.9919532,225 CHRYSTIE STREET,New York,NY,10002,USA
40.7481937,-74.00763409999999,81 11 AVENUE,New York,NY,10011,USA
40.7229256,-73.9841283,176 EAST 3 STREET,New York,NY,10009,USA
40.7246453,-74.0067588,574 BROOME STREET,New York,NY,10013,USA
40.722686,-74.00267529999999,43 WOOSTER STREET,New York,NY,10013,USA
40.718634,-74.00384199999999,52 WHITE STREET,New York,NY,10013,USA
40.7345723,-73.9967048,40 WEST 11 STREET,New York,NY,10011,USA
40.7470126,-73.9887541,39 WEST 30 STREET,New York,NY,10001,USA
40.7269891,-73.9930366,32 GREAT JONES STREET,New York,NY,10012,USA
40.7450473,-73.98743879999999,256 5 AVENUE,New York,NY,10001,USA
40.7129792,-73.98866389999999,225 MADISON STREET,New York,NY,10002,USA
40.71129639999999,-73.9881401,291 CHERRY STREET,New York,NY,10002,USA
40.7067929,-74.0134527,23 TRINITY PLACE,New York,NY,10006,USA
40.741879,-73.98389999999999,119 EAST 26 STREET,New York,NY,10010,USA
40.7303452,-73.98298160000002,210 1 AVENUE,New York,NY,10009,USA
40.7147297,-73.99169239999999,48 CANAL STREET,New York,NY,10002,USA
40.7248339,-73.98850550000002,78 EAST 3 STREET,New York,NY,10003,USA
40.7183472,-73.9833982,94 RIDGE STREET,New York,NY,10002,USA
40.7242477,-73.97592100000001,129 AVENUE D,New York,NY,10009,USA
40.7399004,-73.98622689999999,100 EAST 23 STREET,New York,NY,10010,USA
40.7467196,-74.00394589999999,473 WEST 22 STREET,New York,NY,10011,USA
40.7472219,-73.98563899999999,1 WEST 32 STREET,New York,NY,10001,USA
40.7168847,-74.0107864,304 GREENWICH STREET,New York,NY,10013,USA
40.7181679,-73.9986711,123 BAXTER STREET,New York,NY,10013,USA
40.71328949999999,-74.0106445,75 BARCLAY STREET,New York,NY,10007,USA
40.746205,-74.001278,2 CHELSEA SQUARE,New York,NY,10011,USA
40.7373357,-73.9893065,48 EAST 18 STREET,New York,NY,10003,USA
40.7468116,-73.9830437,28 EAST 33 STREET,New York,NY,10016,USA
40.7426139,-73.9910847,43 WEST 23 STREET,New York,NY,10010,USA
40.734775,-74.003625,74 CHARLES STREET,New York,NY,10014,USA
40.735144,-74.00510899999999,382 BLEECKER STREET,New York,NY,10014,USA
40.7450554,-73.9821867,101 EAST 31 STREET,New York,NY,10016,USA
40.728299,-74.004094,203 WEST HOUSTON STREET,New York,NY,10014,USA
40.7183796,-74.00146629999999,82 WALKER STREET,New York,NY,10013,USA
40.7412819,-73.9936883,666 AVENUE OF THE AMERICAS,New York,NY,10010,USA
40.72551,-73.9781254,649 EAST 9 STREET,New York,NY,10009,USA
40.7199389,-73.98968909999999,134 ALLEN STREET,New York,NY,10002,USA
40.71523639999999,-74.00977259999999,68 WARREN STREET,New York,NY,10007,USA
40.7386719,-73.9811993,234 EAST 24 STREET,New York,NY,10010,USA
40.729432,-73.9812975,201 AVENUE A,New York,NY,10009,USA
40.743348,-73.998499,244 WEST 21 STREET,New York,NY,10011,USA
40.7336424,-73.9989682,61 WEST 8 STREET,New York,NY,10011,USA
40.7396129,-73.9822123,325 3 AVENUE,New York,NY,10010,USA
40.738982,-73.9977473,143 WEST 15 STREET,New York,NY,10011,USA
40.7272182,-74.0060882,171 VARICK STREET,New York,NY,10014,USA
40.7179435,-74.0090357,2 JAY STREET,New York,NY,10013,USA
40.760589,-73.98779540000001,8 BOND STREET,New York,NY,10012,USA
40.7231793,-74.0032665,366 WEST BROADWAY,New York,NY,10013,USA
40.7294863,-74.00326749999999,24 DOWNING STREET,New York,NY,10014,USA
40.7385548,-73.9786644,330 EAST 25 STREET,New York,NY,10010,USA
40.7261266,-74.0028525,116 SULLIVAN STREET,New York,NY,10012,USA
40.7440736,-73.9810602,169 LEXINGTON AVENUE,New York,NY,10016,USA
40.715901,-73.9986624,78 BAYARD STREET,New York,NY,10013,USA
40.7245979,-73.9931837,286 ELIZABETH STREET,New York,NY,10012,USA
40.7327028,-74.0097134,185 CHRISTOPHER STREET,New York,NY,10014,USA
40.71395649999999,-73.9888677,10 JEFFERSON STREET,New York,NY,10002,USA
40.72405089999999,-74.0041969,55 SULLIVAN STREET,New York,NY,10012,USA
40.7255466,-74.0069707,278 SPRING STREET,New York,NY,10013,USA
40.7388773,-74.0036842,3 HORATIO STREET,New York,NY,10014,USA
40.7387987,-73.9997526,64 7 AVENUE,New York,NY,10011,USA
40.7363075,-73.9965101,51 WEST 13 STREET,New York,NY,10011,USA
40.7211255,-73.9807584,18 AVENUE C,New York,NY,10009,USA
40.742526,-73.98085999999999,402 3 AVENUE,New York,NY,10016,USA
40.7196349,-74.002662,304 CANAL STREET,New York,NY,10013,USA
40.73711,-74.0040188,306 WEST 4 STREET,New York,NY,10014,USA
40.7204589,-74.0060936,2 ST JOHNS LANE,New York,NY,10013,USA
40.7344822,-73.9838284,251 EAST 17 STREET,New York,NY,10003,USA
40.7303105,-74.0025617,17 CARMINE STREET,New York,NY,10014,USA
40.7207303,-74.0048704,279 WEST BROADWAY,New York,NY,10013,USA
40.73266539999999,-73.9851719,245 EAST 14 STREET,New York,NY,10003,USA
40.73430949999999,-74.0014941,182 WAVERLY PLACE,New York,NY,10014,USA
40.7293712,-74.004035,34 DOWNING STREET,New York,NY,10014,USA
40.7344134,-73.9860577,200 EAST 16 STREET,New York,NY,10003,USA
40.7473402,-73.9864501,10 WEST 32 STREET,New York,NY,10001,USA
40.7378969,-73.9825571,217 EAST 22 STREET,New York,NY,10010,USA
40.7173933,-73.9920179,297 GRAND STREET,New York,NY,10002,USA
40.7342872,-73.9792429,420 EAST 20 STREET,New York,NY,10009,USA
40.721631,-73.979227,328 EAST 4 STREET,New York,NY,10009,USA
40.744748,-73.9985073,242 8 AVENUE,New York,NY,10011,USA
40.725418,-73.98817799999999,112 EAST 4 STREET,New York,NY,10003,USA
41.85427869999999,-73.6733223,164 LUDLOW STREET,New York,NY,10002,USA
40.7238745,-74.0037193,51 THOMPSON STREET,New York,NY,10012,USA
40.7207768,-73.9913588,41 RIVINGTON STREET,New York,NY,10002,USA
40.7263864,-73.986137,401 EAST 6 STREET,New York,NY,10009,USA
40.7445228,-73.9984667,279 WEST 22 STREET,New York,NY,10011,USA
40.71787250000001,-73.9966859,169 HESTER STREET,New York,NY,10013,USA
40.74684209999999,-73.9867912,2 WEST 31 STREET,New York,NY,10001,USA
40.7287088,-73.9935603,710 BROADWAY,New York,NY,10003,USA
40.7280571,-74.00204649999999,150 WEST HOUSTON STREET,New York,NY,10012,USA
40.7258775,-74.00930249999999,322 SPRING STREET,New York,NY,10013,USA
40.748782,-73.9868113,35 WEST 33 STREET,New York,NY,10001,USA
40.7251821,-73.9894637,50 EAST 3 STREET,New York,NY,10003,USA
40.7392618,-73.9922161,8 WEST 19 STREET,New York,NY,10011,USA
40.72608160000001,-74.0034805,180 AVENUE OF THE AMERICAS,New York,NY,10013,USA
40.7258998,-73.9940068,41 BLEECKER STREET,New York,NY,10012,USA
40.7115283,-73.9867455,321 CHERRY STREET,New York,NY,10002,USA
40.7408303,-73.9858153,100 EAST 24 STREET,New York,NY,10010,USA
40.7219255,-74.010358,401 WASHINGTON STREET,New York,NY,10013,USA
40.7309369,-74.00063349999999,131 WEST 3 STREET,New York,NY,10012,USA
40.7285254,-73.97584859999999,700 EAST 14 STREET,New York,NY,10009,USA
40.71165,-73.9962089,7 MONROE STREET,New York,NY,10002,USA
40.7237857,-74.0063883,101 WATTS STREET,New York,NY,10013,USA
40.74406159999999,-73.9824036,118 EAST 30 STREET,New York,NY,10016,USA
40.74371600000001,-73.97866499999999,211 EAST 31 STREET,New York,NY,10016,USA
40.7174322,-73.99872049999999,207 CANAL STREET,New York,NY,10013,USA
40.7163808,-73.99929399999999,77 MULBERRY STREET,New York,NY,10013,USA
40.7137157,-73.9915322,137 EAST BROADWAY,New York,NY,10002,USA
40.7461896,-73.98952179999999,42 WEST 29 STREET,New York,NY,10001,USA
40.7385651,-74.0041435,334 WEST 4 STREET,New York,NY,10014,USA
40.7474898,-73.993539,322 7 AVENUE,New York,NY,10001,USA
40.72497790000001,-73.9784935,131 AVENUE C,New York,NY,10009,USA
40.7120268,-73.99673659999999,74 MADISON STREET,New York,NY,10002,USA
40.7337864,-73.9898491,142 4 AVENUE,New York,NY,10003,USA
40.7484841,-73.9887304,899 AVENUE OF THE AMERICAS,New York,NY,10001,USA
40.7395819,-73.9974828,139 WEST 16 STREET,New York,NY,10011,USA
40.719434,-74.005611,8 WHITE STREET,New York,NY,10013,USA
40.717571,-74.0073508,32 WORTH STREET,New York,NY,10013,USA
40.6846316,-74.0227197,902 CRAIG ROAD SOUTH,New York,NY,10004,USA
40.7267828,-74.0030652,206 AVENUE OF THE AMERICAS,New York,NY,10014,USA
40.7444982,-73.99015709999999,33 WEST 26 STREET,New York,NY,10010,USA
40.7351474,-73.9934493,5 EAST 13 STREET,New York,NY,10003,USA
40.740238,-73.981196,210 EAST 26 STREET,New York,NY,10010,USA
40.7181918,-73.9946168,237 GRAND STREET,New York,NY,10002,USA
40.709952,-73.99298399999999,222 SOUTH STREET,New York,NY,10002,USA
40.7491101,-73.98468919999999,366 5 AVENUE,New York,NY,10001,USA
40.7465225,-74.0007954,359 WEST 23 STREET,New York,NY,10011,USA
40.7138034,-74.0129973,140 WEST STREET,New York,NY,10007,USA
40.7357889,-74.007826,335 WEST 11 STREET,New York,NY,10014,USA
40.7268802,-74.0017703,141 SULLIVAN STREET,New York,NY,10012,USA
40.7269501,-73.9849393,97.5 EAST 7 STREET,New York,NY,10009,USA
40.731084,-73.9903487,76 EAST 10 STREET,New York,NY,10003,USA
40.7522511,-74.0020169,510 WEST 30 STREET,New York,NY,10001,USA
40.7263515,-74.0039402,181 AVENUE OF THE AMERICAS,New York,NY,10013,USA
40.7256972,-73.9785538,641 EAST 9 STREET,New York,NY,10009,USA
40.7386155,-73.9952359,51 WEST 16 STREET,New York,NY,10011,USA
40.7270662,-73.99004719999999,228 EAST 5 STREET,New York,NY,10003,USA
40.7504701,-73.96912209999999,1 UNITED NATIONS PLAZA,New York,NY,10017,USA
40.7435367,-73.98164140000002,149 LEXINGTON AVENUE,New York,NY,10016,USA
40.7297502,-74.0013728,5 MINETTA STREET,New York,NY,10012,USA
40.7233615,-74.0010258,69 GREENE STREET,New York,NY,10012,USA
40.719161,-73.9974979,189 GRAND STREET,New York,NY,10013,USA
40.7460679,-73.9775677,517 3 AVENUE,New York,NY,10016,USA
40.7406655,-73.9988807,210 WEST 17 STREET,New York,NY,10011,USA
40.7367098,-73.99569819999999,42 WEST 14 STREET,New York,NY,10011,USA
40.7350308,-73.9822825,310 EAST 19 STREET,New York,NY,10003,USA
40.7208697,-74.0118552,212 WEST STREET,New York,NY,10013,USA
40.746246,-74.0056309,169 10 AVENUE,New York,NY,10011,USA
40.7248964,-74.001826,412 WEST BROADWAY,New York,NY,10012,USA
40.724911,-74.0026113,84 THOMPSON STREET,New York,NY,10012,USA
40.7221848,-73.9774169,65 AVENUE D,New York,NY,10009,USA
40.725369,-74.001893,98 THOMPSON STREET,New York,NY,10012,USA
40.72437110000001,-73.9789188,113 AVENUE C,New York,NY,10009,USA
40.73973160000001,-73.9911017,2 WEST 20 STREET,New York,NY,10011,USA
40.75033699999999,-73.9953589,415 8 AVENUE,New York,NY,10001,USA
40.755476,-74.000512,533 WEST 34 STREET,New York,NY,10001,USA
40.7136801,-73.9970325,20 EAST BROADWAY,New York,NY,10002,USA
40.747299,-73.97934819999999,137 EAST 35 STREET,New York,NY,10016,USA
40.7441539,-74.00275979999999,152 9 AVENUE,New York,NY,10011,USA
40.7318202,-74.003548,61 7 AVENUE SOUTH,New York,NY,10014,USA
40.7137806,-73.9958611,46 EAST BROADWAY,New York,NY,10002,USA
40.7234018,-73.9821229,625 EAST 5 STREET,New York,NY,10009,USA
40.7207874,-73.9893216,154 ALLEN STREET,New York,NY,10002,USA
40.7359795,-74.001014,1 PERRY STREET,New York,NY,10014,USA
40.7045129,-74.006603,114 WALL STREET,New York,NY,10005,USA
40.7372296,-73.9839724,257 3 AVENUE,New York,NY,10010,USA
40.7403052,-73.9812468,208 EAST 26 STREET,New York,NY,10010,USA
40.710885,-73.986209,286 SOUTH STREET,New York,NY,10002,USA
40.7233515,-73.97680059999999,279 EAST 7 STREET,New York,NY,10009,USA
40.7119589,-73.99614369999999,86 MADISON STREET,New York,NY,10002,USA
40.7188165,-73.9847789,173 RIVINGTON STREET,New York,NY,10002,USA
40.738143,-73.997102,110 WEST 15 STREET,New York,NY,10011,USA
40.72954319999999,-73.9872385,151 2 AVENUE,New York,NY,10003,USA
40.7334407,-74.00110029999999,163 WAVERLY PLACE,New York,NY,10014,USA
40.7205239,-74.0005233,123 GRAND STREET,New York,NY,10013,USA
40.7428191,-73.9744769,573 1 AVENUE,New York,NY,10016,USA
40.749289,-73.993793,239 WEST 30 STREET,New York,NY,10001,USA
40.718672,-73.990206,101 ORCHARD STREET,New York,NY,10002,USA
40.7373704,-73.98501519999999,34 GRAMERCY PARK EAST,New York,NY,10003,USA
40.731229,-73.991152,772 BROADWAY,New York,NY,10003,USA
40.7109193,-74.01474069999999,97 WEST STREET,New York,NY,10006,USA
40.7463448,-73.9780098,518 3 AVENUE,New York,NY,10016,USA
40.719361,-73.9936122,328 BROOME STREET,New York,NY,10002,USA
40.7390772,-74.0041329,320 WEST 13 STREET,New York,NY,10014,USA
40.7427612,-73.99776609999999,217 WEST 20 STREET,New York,NY,10011,USA
40.7461902,-73.9802271,228 LEXINGTON AVENUE,New York,NY,10016,USA
40.748905,-73.97916699999999,107 EAST 37 STREET,New York,NY,10016,USA
40.7382502,-74.002693,9 JANE STREET,New York,NY,10014,USA
40.7259225,-74.00261119999999,113 SULLIVAN STREET,New York,NY,10012,USA
40.7224657,-73.9927901,241 BOWERY,New York,NY,10002,USA
40.7300514,-73.9875678,49 STUYVESANT STREET,New York,NY,10003,USA
40.73019740000001,-74.0005697,117 MAC DOUGAL STREET,New York,NY,10012,USA
40.7345471,-74.00890059999999,156 PERRY STREET,New York,NY,10014,USA
40.7317275,-73.99650299999999,1 WASHINGTON MEWS,New York,NY,10003,USA
40.748016,-73.9819949,24 EAST 35 STREET,New York,NY,10016,USA
40.7232456,-74.00335989999999,1 WATTS STREET,New York,NY,10013,USA
40.723468,-73.9769195,275 EAST 7 STREET,New York,NY,10009,USA
40.7032467,-74.01114319999999,26 WATER STREET,New York,NY,10004,USA
40.7415708,-73.9895773,1 WEST 23 STREET,New York,NY,10010,USA
40.73173,-74.00611099999999,72 BARROW STREET,New York,NY,10014,USA
40.7338307,-73.98582069999999,213 EAST 15 STREET,New York,NY,10003,USA
40.7236198,-74.00414119999999,24 WATTS STREET,New York,NY,10013,USA
40.7459328,-74.00736189999999,531 WEST 19 STREET,New York,NY,10011,USA
40.72185229999999,-73.982542,222 EAST 2 STREET,New York,NY,10009,USA
40.7243209,-74.00494259999999,540 BROOME STREET,New York,NY,10013,USA
40.742143,-74,253 WEST 18 STREET,New York,NY,10011,USA
40.7384525,-73.9839374,157 EAST 22 STREET,New York,NY,10010,USA
40.7174636,-73.9839748,74 RIDGE STREET,New York,NY,10002,USA
40.7100545,-73.99410010000001,92 MARKET SLIP,New York,NY,10002,USA
40.7464223,-74.0017419,400 WEST 23 STREET,New York,NY,10011,USA
40.7458158,-74.0041285,446 WEST 21 STREET,New York,NY,10011,USA
40.73285,-74.005872,109 BEDFORD STREET,New York,NY,10014,USA
40.72103550000001,-73.9810914,260 EAST 2 STREET,New York,NY,10009,USA
40.7164919,-73.9899628,52 LUDLOW STREET,New York,NY,10002,USA
40.7318292,-74.0049173,65 BARROW STREET,New York,NY,10014,USA
40.7062558,-74.01582669999999,18 WEST STREET,New York,NY,10004,USA
40.7291341,-74.0054739,207 VARICK STREET,New York,NY,10014,USA
40.7337063,-74.0003744,20 GAY STREET,New York,NY,10014,USA
40.7340542,-73.9809999,353 EAST 18 STREET,New York,NY,10003,USA
40.7248189,-73.991658,6 EAST 1 STREET,New York,NY,10003,USA
40.7119302,-73.9863897,250 CLINTON STREET,New York,NY,10002,USA
40.7274936,-73.9845684,97 ST MARKS PLACE,New York,NY,10009,USA
40.7361597,-73.99474510000002,14 WEST 14 STREET,New York,NY,10011,USA
40.7458775,-74.0023624,412 WEST 22 STREET,New York,NY,10011,USA
40.745099,-74.005077,453 WEST 19 STREET,New York,NY,10011,USA
40.7195247,-74.0032408,50 LISPENARD STREET,New York,NY,10013,USA
40.7393057,-73.99233819999999,12 WEST 19 STREET,New York,NY,10011,USA
40.7405844,-73.9838716,134 EAST 25 STREET,New York,NY,10010,USA
40.7414205,-73.9762827,336 EAST 30 STREET,New York,NY,10016,USA
40.7262689,-74.0038118,2 VANDAM STREET,New York,NY,10013,USA
40.7513493,-73.9817355,7 EAST 39 STREET,New York,NY,10016,USA
40.7465933,-73.9860891,1 WEST 31 STREET,New York,NY,10001,USA
40.7290188,-73.98075089999999,507 EAST 12 STREET,New York,NY,10009,USA
40.7275319,-73.97825399999999,604 EAST 12 STREET,New York,NY,10009,USA
40.741144,-74.00429,358 WEST 15 STREET,New York,NY,10011,USA
40.7189498,-74.0073043,139 FRANKLIN STREET,New York,NY,10013,USA
40.7458947,-73.9844255,26 EAST 31 STREET,New York,NY,10016,USA
40.7317729,-73.9962889,68 WASHINGTON MEWS,New York,NY,10003,USA
40.7460819,-73.9938004,287 7 AVENUE,New York,NY,10001,USA
40.7207678,-73.9980946,403 BROOME STREET,New York,NY,10013,USA
40.7181864,-74.0004033,246 CANAL STREET,New York,NY,10013,USA
40.72242019999999,-74.00992920000002,428 GREENWICH STREET,New York,NY,10013,USA
40.7496435,-73.98308109999999,389 5 AVENUE,New York,NY,10016,USA
40.7046112,-74.0118571,74 BROAD STREET,New York,NY,10004,USA
40.7440844,-73.9824572,116 EAST 30 STREET,New York,NY,10016,USA
40.7190242,-74.0044312,291 CHURCH STREET,New York,NY,10013,USA
40.73137029999999,-73.9994559,36 WASHINGTON SQUARE WEST,New York,NY,10011,USA
40.7289233,-74.00862649999999,310 WEST HOUSTON STREET,New York,NY,10014,USA
40.7475499,-73.9798943,115 EAST 35 STREET,New York,NY,10016,USA
40.7289463,-74.0011802,184 BLEECKER STREET,New York,NY,10012,USA
40.7162605,-73.9781683,308 DELANCEY STREET,New York,NY,10002,USA
40.7239594,-73.9827727,540 EAST 5 STREET,New York,NY,10009,USA
40.7224074,-74.00183559999999,53 GREENE STREET,New York,NY,10013,USA
40.7326351,-74.0015016,122 WEST WASHINGTON PLACE,New York,NY,10014,USA
40.7441801,-74.0041542,418 WEST 19 STREET,New York,NY,10011,USA
40.73161169999999,-74.0042656,18 COMMERCE STREET,New York,NY,10014,USA
40.74302460000001,-74.0081091,81 10 AVENUE,New York,NY,10011,USA
40.741592,-73.993104,57 WEST 21 STREET,New York,NY,10010,USA
40.73611229999999,-74.0065243,763 GREENWICH STREET,New York,NY,10014,USA
40.748015,-73.979068,127 EAST 36 STREET,New York,NY,10016,USA
40.7343468,-73.9824388,312 EAST 18 STREET,New York,NY,10003,USA
40.74366149999999,-74.0038032,401 WEST 18 STREET,New York,NY,10011,USA
40.7505163,-73.9826829,415 5 AVENUE,New York,NY,10016,USA
40.7423426,-74.0038683,361 WEST 16 STREET,New York,NY,10011,USA
40.7185808,-74.0100404,19 HARRISON STREET,New York,NY,10013,USA
40.7192106,-73.9885567,110 LUDLOW STREET,New York,NY,10002,USA
40.7314606,-74.0031923,2 MORTON SQUARE,New York,NY,10014,USA
40.7222718,-73.9920805,201 CHRYSTIE STREET,New York,NY,10002,USA
40.7122491,-73.9944677,122 MADISON STREET,New York,NY,10002,USA
40.7185786,-73.9903748,98 ALLEN STREET,New York,NY,10002,USA
40.7155958,-73.99307979999999,34 ELDRIDGE STREET,New York,NY,10002,USA
40.7482598,-73.9930735,350 7 AVENUE,New York,NY,10001,USA
40.7156253,-74.01046819999999,86 WARREN STREET,New York,NY,10007,USA
40.7231723,-74.00170229999999,62 WOOSTER STREET,New York,NY,10012,USA
40.7061803,-74.0138115,2 MORRIS STREET,New York,NY,10006,USA
40.7263401,-74.00226719999999,186 PRINCE STREET,New York,NY,10012,USA
40.738614,-74.006264,64 HORATIO STREET,New York,NY,10014,USA
40.73288549999999,-73.9928943,48 EAST 11 STREET,New York,NY,10003,USA
40.72647260000001,-73.9835903,117 AVENUE A,New York,NY,10009,USA
40.7257291,-74.0079673,298 SPRING STREET,New York,NY,10013,USA
40.722757,-73.983791,188 EAST 3 STREET,New York,NY,10009,USA
40.7300736,-73.98821269999999,31 STUYVESANT STREET,New York,NY,10003,USA
40.72795869999999,-73.9856096,77 ST MARKS PLACE,New York,NY,10003,USA
40.72983,-73.9876769,42 STUYVESANT STREET,New York,NY,10003,USA
40.7249918,-73.99480799999999,42 EAST HOUSTON STREET,New York,NY,10012,USA
40.7446166,-73.98282569999999,443 PARK AVENUE SOUTH,New York,NY,10016,USA
40.7336034,-74.00403399999999,89 CHRISTOPHER STREET,New York,NY,10014,USA
40.7250198,-73.9938406,306 MOTT STREET,New York,NY,10012,USA
40.7254041,-73.9806345,119 AVENUE B,New York,NY,10009,USA
40.7050998,-74.0146944,1 GREENWICH STREET,New York,NY,10004,USA
40.72302699999999,-73.9956459,248 MULBERRY STREET,New York,NY,10012,USA
40.7242329,-73.9977981,81 PRINCE STREET,New York,NY,10012,USA
40.714695,-74.006241,287 BROADWAY,New York,NY,10007,USA
40.7202989,-74.0023884,3 MERCER STREET,New York,NY,10013,USA
40.7295031,-73.9978496,65 WEST 3 STREET,New York,NY,10012,USA
40.7233026,-73.9881999,12 1 AVENUE,New York,NY,10009,USA
40.7420797,-73.98456589999999,367 PARK AVENUE SOUTH,New York,NY,10016,USA
40.72798840000001,-73.983943,415 EAST 9 STREET,New York,NY,10009,USA
40.7145455,-73.991317,38 CANAL STREET,New York,NY,10002,USA
40.7135918,-73.9931682,103 EAST BROADWAY,New York,NY,10002,USA
40.7369972,-73.9952127,35 WEST 14 STREET,New York,NY,10011,USA
40.7273702,-74.0002514,100 WEST HOUSTON STREET,New York,NY,10012,USA
40.6889188,-74.0149011,15 EVANS ROAD,New York,NY,10004,USA
40.7242476,-73.9848066,190 EAST 4 STREET,New York,NY,10009,USA
40.69267139999999,-74.0182386,932 GOVERNORS ISLAND,New York,NY,10004,USA
40.7343289,-73.9962419,26 WEST 11 STREET,New York,NY,10011,USA
40.7401675,-73.98425809999999,40 LEXINGTON AVENUE,New York,NY,10010,USA
40.757112,-73.977288,7 EAST 48 STREET,New York,NY,10017,USA
40.72460179999999,-73.99281979999999,298 BOWERY,New York,NY,10012,USA
40.7303432,-74.0064161,3 ST LUKES PLACE,New York,NY,10014,USA
40.72025590000001,-73.9850981,153 STANTON STREET,New York,NY,10002,USA
40.7216796,-74.000451,481 BROADWAY,New York,NY,10013,USA
40.74705120000001,-73.98860859999999,1237 BROADWAY,New York,NY,10001,USA
40.7386557,-73.98672189999999,127 EAST 21 STREET,New York,NY,10010,USA
40.7185999,-74.00472049999999,279 CHURCH STREET,New York,NY,10013,USA
40.7277767,-73.9833735,431 EAST 9 STREET,New York,NY,10009,USA
40.7114925,-73.99004289999999,64 RUTGERS STREET,New York,NY,10002,USA
40.7376616,-73.9997472,160 WEST 13 STREET,New York,NY,10011,USA
40.7304002,-74.00818699999999,617 GREENWICH STREET,New York,NY,10014,USA
40.7230318,-73.9768544,280 EAST 7 STREET,New York,NY,10009,USA
40.73476730000001,-74.0056702,105 CHARLES STREET,New York,NY,10014,USA
40.7293905,-74.0105378,156 WEST STREET,New York,NY,10007,USA
40.7128277,-73.99052000000002,195 MADISON STREET,New York,NY,10002,USA
40.7376821,-74.0061992,325 WEST 12 STREET,New York,NY,10014,USA
40.7247756,-73.9941606,296 MOTT STREET,New York,NY,10012,USA
40.7218306,-73.9938358,214 BOWERY,New York,NY,10012,USA
40.72139,-73.97936399999999,299 EAST 3 STREET,New York,NY,10009,USA
40.7405696,-73.9808536,215 EAST 26 STREET,New York,NY,10010,USA
40.7278191,-73.9799109,543 EAST 11 STREET,New York,NY,10009,USA
40.744959,-74.0002169,324 WEST 22 STREET,New York,NY,10011,USA
40.7197227,-74.0006574,30 HOWARD STREET,New York,NY,10013,USA
40.7215529,-73.9939569,204 BOWERY,New York,NY,10012,USA
40.7237538,-74.00611800000001,73 WATTS STREET,New York,NY,10013,USA
40.7451337,-73.9759804,627 2 AVENUE,New York,NY,10016,USA
40.7296115,-73.97313299999999,729 EAST 16 STREET,New York,NY,10009,USA
40.7180943,-74.0009017,92 WALKER STREET,New York,NY,10013,USA
40.7030483,-74.012513,3 MOORE STREET,New York,NY,10004,USA
40.7223072,-73.9970907,232 LAFAYETTE STREET,New York,NY,10012,USA
40.7441018,-73.9873235,235 5 AVENUE,New York,NY,10016,USA
40.7304239,-73.9887207,102 EAST 10 STREET,New York,NY,10003,USA
40.730426,-73.9988769,249 SULLIVAN STREET,New York,NY,10012,USA
40.736354,-73.98463129999999,227 3 AVENUE,New York,NY,10003,USA
40.744616,-73.995622,234 7 AVENUE,New York,NY,10011,USA
40.7087225,-74.01352659999999,4 CARLISLE STREET,New York,NY,10006,USA
40.7492981,-73.99149450000002,11 PENN PLAZA,New York,NY,10001,USA
40.733156,-74.0069585,135 CHRISTOPHER STREET,New York,NY,10014,USA
40.738885,-74.0062583,57 HORATIO STREET,New York,NY,10014,USA
40.70712899999999,-74.013581,28 TRINITY PLACE,New York,NY,10006,USA
40.728364,-73.986543,53 ST MARKS PLACE,New York,NY,10003,USA
40.7342019,-74.0027957,229 WEST 4 STREET,New York,NY,10014,USA
40.7358203,-73.9941825,78 5 AVENUE,New York,NY,10011,USA
40.742729,-73.990855,22 WEST 24 STREET,New York,NY,10010,USA
40.720985,-73.994496,8 SPRING STREET,New York,NY,10012,USA
40.6870564,-74.0191646,654 CRAIG ROAD SOUTH,New York,NY,10004,USA
40.7350181,-73.9812907,339 EAST 19 STREET,New York,NY,10003,USA
40.7379572,-74.00588130000001,617 HUDSON STREET,New York,NY,10014,USA
40.7306748,-73.98165999999999,420 EAST 14 STREET,New York,NY,10009,USA
40.73036949999999,-73.9808584,223 AVENUE A,New York,NY,10009,USA
40.7277996,-73.99243489999999,25 EAST 4 STREET,New York,NY,10003,USA
40.7177549,-74.00193399999999,84 WHITE STREET,New York,NY,10013,USA
40.7242604,-73.99352689999999,291 ELIZABETH STREET,New York,NY,10012,USA
40.72335500000001,-74.00256999999999,496 BROOME STREET,New York,NY,10013,USA
40.7320514,-74.0038945,72 7 AVENUE SOUTH,New York,NY,10014,USA
40.7201135,-73.98434089999999,171 STANTON STREET,New York,NY,10002,USA
40.7354418,-74.0062633,559 HUDSON STREET,New York,NY,10014,USA
40.7441979,-74.0012907,333 WEST 20 STREET,New York,NY,10011,USA
40.7434928,-73.9896438,11 WEST 25 STREET,New York,NY,10010,USA
40.7234546,-73.9993136,99 SPRING STREET,New York,NY,10012,USA
40.7382115,-74.0033567,25 JANE STREET,New York,NY,10014,USA
40.7304716,-74.01013549999999,362 WEST STREET,New York,NY,10014,USA
40.7320084,-73.9848241,302 EAST 14 STREET,New York,NY,10003,USA
40.7165152,-73.9904054,49 LUDLOW STREET,New York,NY,10002,USA
40.7369876,-74.0041633,59 BANK STREET,New York,NY,10014,USA
40.7501348,-73.998054,357 WEST 29 STREET,New York,NY,10001,USA
40.7183024,-73.9817853,80 PITT STREET,New York,NY,10002,USA
40.7474904,-73.9857244,320 5 AVENUE,New York,NY,10001,USA
40.7263086,-73.97413379999999,331 F D R DRIVE,New York,NY,10002,USA
40.7253796,-73.9968145,1 EAST HOUSTON STREET,New York,NY,10012,USA
40.7289884,-73.9796477,528 EAST 13 STREET,New York,NY,10009,USA
40.7362523,-74.0017104,231 WAVERLY PLACE,New York,NY,10014,USA
40.718852,-73.99423999999999,141 BOWERY,New York,NY,10002,USA
40.7436103,-73.98148739999999,155 LEXINGTON AVENUE,New York,NY,10016,USA
40.72382959999999,-74.004986,46 WATTS STREET,New York,NY,10013,USA
40.7376125,-73.9982873,120 WEST 14 STREET,New York,NY,10011,USA
40.737765,-73.987116,11 GRAMERCY PARK SOUTH,New York,NY,10003,USA
40.727602,-74.0042569,38 KING STREET,New York,NY,10014,USA
40.71951809999999,-73.99402839999999,157 BOWERY,New York,NY,10002,USA
40.7246912,-73.98358429999999,513 EAST 5 STREET,New York,NY,10009,USA
40.7281063,-73.9953647,8 WEST 3 STREET,New York,NY,10012,USA
40.7228305,-73.9831015,199 EAST 3 STREET,New York,NY,10009,USA
40.71338780000001,-73.9958098,47 EAST BROADWAY,New York,NY,10002,USA
40.7253338,-73.9890222,59 EAST 3 STREET,New York,NY,10003,USA
40.7234638,-74.000371,80 GREENE STREET,New York,NY,10012,USA
40.7384504,-73.9886918,36 EAST 20 STREET,New York,NY,10003,USA
40.7437732,-73.9898904,20 WEST 26 STREET,New York,NY,10010,USA
40.7147778,-73.99906709999999,27 MOTT STREET,New York,NY,10013,USA
40.737342,-73.984584,250 3 AVENUE,New York,NY,10010,USA
40.7400333,-73.9846708,30 LEXINGTON AVENUE,New York,NY,10010,USA
40.7346688,-74.0079566,140 PERRY STREET,New York,NY,10014,USA
40.70355480000001,-74.01028769999999,4 COENTIES SLIP,New York,NY,10004,USA
40.7447434,-73.9841328,34 EAST 30 STREET,New York,NY,10016,USA
40.7315798,-74.0070685,95 BARROW STREET,New York,NY,10014,USA
40.7469106,-73.9725134,325 EAST 38 STREET,New York,NY,10016,USA
40.7206032,-73.9819302,349 EAST HOUSTON STREET,New York,NY,10002,USA
40.7233743,-74.0068476,431 CANAL STREET,New York,NY,10013,USA
40.7325106,-73.994672,19 EAST 9 STREET,New York,NY,10003,USA
40.7231366,-73.9864786,135 EAST 2 STREET,New York,NY,10009,USA
40.7293583,-73.9983012,68 WEST 3 STREET,New York,NY,10012,USA
40.74185240000001,-73.9955772,135 WEST 20 STREET,New York,NY,10011,USA
40.72806689999999,-73.9794574,544.5 EAST 12 STREET,New York,NY,10009,USA
40.7210276,-73.9972564,100 KENMARE STREET,New York,NY,10012,USA
40.7195017,-73.9970915,188 GRAND STREET,New York,NY,10013,USA
40.7363296,-73.9951806,22 WEST 14 STREET,New York,NY,10011,USA
40.7427755,-73.9919649,67 WEST 23 STREET,New York,NY,10010,USA
40.7206224,-73.9853832,152 STANTON STREET,New York,NY,10002,USA
40.7328351,-73.99988139999999,128 WAVERLY PLACE,New York,NY,10011,USA
40.7218617,-74.002922,71 GRAND STREET,New York,NY,10013,USA
40.7477249,-73.9903851,115 WEST 30 STREET,New York,NY,10001,USA
40.73931650000001,-74.00656099999999,46 GANSEVOORT STREET,New York,NY,10014,USA
40.713932,-73.985929,233 HENRY STREET,New York,NY,10002,USA
40.7454914,-73.9753693,642 2 AVENUE,New York,NY,10016,USA
40.7252223,-74.0086622,31 RENWICK STREET,New York,NY,10013,USA
40.7219678,-73.99935599999999,496 BROADWAY,New York,NY,10012,USA
40.7338481,-73.9933077,24 EAST 12 STREET,New York,NY,10003,USA
40.7376502,-74.00718669999999,347 WEST 12 STREET,New York,NY,10014,USA
40.7141531,-73.99042469999999,162 EAST BROADWAY,New York,NY,10002,USA
40.7211595,-73.9949032,173 ELIZABETH STREET,New York,NY,10012,USA
40.73600160000001,-74.0062172,571 HUDSON STREET,New York,NY,10014,USA
40.7232723,-73.9986519,530 BROADWAY,New York,NY,10012,USA
40.7245132,-73.9788193,117 AVENUE C,New York,NY,10009,USA
40.7339498,-73.99720529999999,34 WEST 10 STREET,New York,NY,10011,USA
40.7265763,-73.9796633,348 EAST 10 STREET,New York,NY,10009,USA
40.7409111,-73.97905469999999,491 2 AVENUE,New York,NY,10016,USA
40.744819,-74.00376399999999,416 WEST 20 STREET,New York,NY,10011,USA
40.74791,-74.00204699999999,429 WEST 24 STREET,New York,NY,10011,USA
40.7167658,-73.9911925,57 ORCHARD STREET,New York,NY,10002,USA
40.7226496,-73.99941079999999,513 BROADWAY,New York,NY,10012,USA
40.7369499,-73.9913644,19 EAST 16 STREET,New York,NY,10003,USA
40.7198084,-73.9875777,130 ESSEX STREET,New York,NY,10002,USA
40.7229989,-73.9829482,44 AVENUE B,New York,NY,10009,USA
40.7134504,-73.992874,109 EAST BROADWAY,New York,NY,10002,USA
40.7183921,-74.0034505,64 WHITE STREET,New York,NY,10013,USA
40.744041,-73.97751699999999,237 EAST 32 STREET,New York,NY,10016,USA
40.718938,-73.982546,95 PITT STREET,New York,NY,10002,USA
40.7414476,-73.9790798,239 EAST 28 STREET,New York,NY,10016,USA
40.7284977,-73.985214,345 EAST 9 STREET,New York,NY,10003,USA
40.7258409,-74.0021194,107 THOMPSON STREET,New York,NY,10012,USA
40.727915,-73.98665799999999,58 ST MARKS PLACE,New York,NY,10003,USA
40.730189,-74.0063852,12.5 ST LUKES PLACE,New York,NY,10014,USA
40.727121,-74.00289529999999,31 MAC DOUGAL STREET,New York,NY,10012,USA
40.7487814,-73.98199319999999,213 MADISON AVENUE,New York,NY,10016,USA
40.732367,-73.98851499999999,131 EAST 12 STREET,New York,NY,10003,USA
40.7368383,-74.0074259,29 BETHUNE STREET,New York,NY,10014,USA
40.7209397,-73.9955014,41 KENMARE STREET,New York,NY,10012,USA
40.7343789,-73.9964509,32 WEST 11 STREET,New York,NY,10011,USA
40.7511135,-73.99315299999999,270 WEST 33 STREET,New York,NY,10001,USA
40.7344772,-74.0013628,155 WEST 10 STREET,New York,NY,10014,USA
40.7333363,-73.99849120000002,47 WEST 8 STREET,New York,NY,10011,USA
40.7486,-73.975667,593 3 AVENUE,New York,NY,10016,USA
40.7170608,-73.9857385,175 DELANCEY STREET,New York,NY,10002,USA
40.7390386,-73.9902065,895 BROADWAY,New York,NY,10003,USA
40.7213606,-73.9806617,26 AVENUE C,New York,NY,10009,USA
40.7402173,-73.9999132,220 WEST 16 STREET,New York,NY,10011,USA
40.7440242,-74.0047951,425 WEST 18 STREET,New York,NY,10011,USA
40.7242167,-74.0002988,91 GREENE STREET,New York,NY,10012,USA
40.745038,-73.97998539999999,145 EAST 32 STREET,New York,NY,10016,USA
40.7157207,-74.01014289999999,154 CHAMBERS STREET,New York,NY,10007,USA
40.7134985,-73.9936183,91 EAST BROADWAY,New York,NY,10002,USA
40.7200917,-74.0097612,71 NORTH MOORE STREET,New York,NY,10013,USA
40.7342129,-73.9998476,7 GREENWICH AVENUE,New York,NY,10014,USA
40.7129448,-73.9891439,215 MADISON STREET,New York,NY,10002,USA
40.74275,-73.99583799999999,163 WEST 21 STREET,New York,NY,10011,USA
40.7339405,-74.0026336,120 7 AVENUE SOUTH,New York,NY,10014,USA
40.730116,-73.9979578,59 WASHINGTON SQUARE SOUTH,New York,NY,10012,USA
40.73884959999999,-74.0057321,637 HUDSON STREET,New York,NY,10014,USA
40.7254061,-74.0097493,479 WASHINGTON STREET,New York,NY,10013,USA
40.7219042,-73.9876547,175 LUDLOW STREET,New York,NY,10002,USA
40.7476022,-74.0014205,413 WEST 24 STREET,New York,NY,10011,USA
40.7434057,-73.9794015,441 3 AVENUE,New York,NY,10016,USA
40.7445069,-73.98163319999999,126 EAST 31 STREET,New York,NY,10016,USA
40.7269605,-73.98432369999999,110 ST MARKS PLACE,New York,NY,10009,USA
40.7345241,-74.008974,158 PERRY STREET,New York,NY,10014,USA
40.7338774,-74.0041154,208 WEST 10 STREET,New York,NY,10014,USA
40.7137696,-73.9822538,359 MADISON STREET,New York,NY,10002,USA
40.7147883,-74.0082919,148 CHURCH STREET,New York,NY,10007,USA
40.7301092,-74.0009456,3 MINETTA LANE,New York,NY,10012,USA
40.7339724,-74.0038221,200 WEST 10 STREET,New York,NY,10014,USA
40.7253773,-74.00011549999999,130 WOOSTER STREET,New York,NY,10012,USA
40.72159850000001,-73.99394029999999,206 BOWERY,New York,NY,10012,USA
40.7298583,-74.0003129,122 MAC DOUGAL STREET,New York,NY,10012,USA
40.7252948,-73.9977783,166 MERCER STREET,New York,NY,10012,USA
40.72772880000001,-74.0000522,174 THOMPSON STREET,New York,NY,10012,USA
40.7464209,-73.9762289,218 EAST 36 STREET,New York,NY,10016,USA
40.7362268,-74.0043237,271 WEST 11 STREET,New York,NY,10014,USA
40.7256696,-74.0027691,105 SULLIVAN STREET,New York,NY,10012,USA
40.7250709,-73.97897139999999,333 EAST 8 STREET,New York,NY,10009,USA
40.715363,-73.99050299999999,24 LUDLOW STREET,New York,NY,10002,USA
40.7488411,-73.98758269999999,60 WEST 33 STREET,New York,NY,10001,USA
40.7184229,-74.0048596,273 CHURCH STREET,New York,NY,10013,USA
40.7470665,-74.0050117,199 10 AVENUE,New York,NY,10011,USA
40.7246572,-73.9948778,290 MULBERRY STREET,New York,NY,10012,USA
40.7147207,-74.01030829999999,69 MURRAY STREET,New York,NY,10007,USA
40.7321673,-73.9883289,139 EAST 12 STREET,New York,NY,10003,USA
40.7504365,-73.9801307,28 EAST 39 STREET,New York,NY,10016,USA
40.7348988,-74.004167,75 CHARLES STREET,New York,NY,10014,USA
40.7243781,-73.98764419999999,46 1 AVENUE,New York,NY,10017,USA
40.72536770000001,-73.9948673,305 MULBERRY STREET,New York,NY,10012,USA
40.7344577,-73.9933511,13 EAST 12 STREET,New York,NY,10003,USA
40.7252327,-74.0000474,126 PRINCE STREET,New York,NY,10012,USA
40.7306438,-73.9874461,230 EAST 11 STREET,New York,NY,10003,USA
40.7165753,-73.9914127,50 ALLEN STREET,New York,NY,10002,USA
40.7035848,-74.0130908,13 BRIDGE STREET,New York,NY,10004,USA
40.73320990000001,-73.9937625,70 UNIVERSITY PLACE,New York,NY,10003,USA
40.7456898,-73.9853679,13 EAST 30 STREET,New York,NY,10016,USA
40.7514438,-73.9890842,147 WEST 35 STREET,New York,NY,10001,USA
40.7466157,-74.0008029,363 WEST 23 STREET,New York,NY,10011,USA
40.7346787,-74.0016421,190 WAVERLY PLACE,New York,NY,10014,USA
40.7368443,-74.0018989,247 WAVERLY PLACE,New York,NY,10014,USA
40.7427617,-73.9776502,555 2 AVENUE,New York,NY,10016,USA
40.7241201,-74.0026122,390 WEST BROADWAY,New York,NY,10012,USA
40.74466940000001,-73.9840687,36 EAST 30 STREET,New York,NY,10016,USA
40.7294983,-73.989182,7 ST MARKS PLACE,New York,NY,10003,USA
40.734322,-73.9823837,314 EAST 18 STREET,New York,NY,10003,USA
40.7242407,-73.988424,82 EAST 2 STREET,New York,NY,10003,USA
40.71981299999999,-74.003648,38 LISPENARD STREET,New York,NY,10013,USA
40.7491877,-73.9855168,11 WEST 34 STREET,New York,NY,10001,USA
40.752058,-73.9814901,1 EAST 40 STREET,New York,NY,10016,USA
40.71494999999999,-73.9977261,12 PELL STREET,New York,NY,10013,USA
40.727894,-74.0054321,59 KING STREET,New York,NY,10014,USA
40.7510618,-74.003014,522 WEST 28 STREET,New York,NY,10001,USA
40.7205047,-73.9901076,65 RIVINGTON STREET,New York,NY,10002,USA
40.7489687,-73.97857669999999,122 EAST 38 STREET,New York,NY,10016,USA
40.739566,-73.98827000000001,33 EAST 21 STREET,New York,NY,10010,USA
40.7300112,-73.99620709999999,83 WASHINGTON SQUARE EAST,New York,NY,10003,USA
40.7442928,-73.9861391,15 EAST 28 STREET,New York,NY,10016,USA
40.7465366,-73.98497929999999,6 EAST 32 STREET,New York,NY,10016,USA
40.7464756,-74.0008429,373 WEST 23 STREET,New York,NY,10011,USA
40.7309486,-74.00484759999999,29 MORTON STREET,New York,NY,10014,USA
40.7572051,-73.97739580000001,5 EAST 48 STREET,New York,NY,10017,USA
40.727051,-73.992617,40 GREAT JONES STREET,New York,NY,10012,USA
40.7226228,-73.9778879,740 EAST 6 STREET,New York,NY,10009,USA
40.7504173,-73.9970615,343 WEST 30 STREET,New York,NY,10001,USA
40.7143436,-73.9914307,129 DIVISION STREET,New York,NY,10002,USA
40.7267206,-73.9945562,7 BOND STREET,New York,NY,10012,USA
40.7184913,-73.9903535,94 ALLEN STREET,New York,NY,10002,USA
40.7146868,-74.00589459999999,51 READE STREET,New York,NY,10007,USA
40.7338165,-73.9977969,47 WEST 9 STREET,New York,NY,10011,USA
40.7298378,-73.9742883,701 EAST 16 STREET,New York,NY,10009,USA
40.7331216,-74.0008165,144 WAVERLY PLACE,New York,NY,10014,USA
40.7181181,-73.99915899999999,124 BAXTER STREET,New York,NY,10013,USA
40.7226746,-73.9845069,176 EAST 2 STREET,New York,NY,10009,USA
40.7190195,-74.00776979999999,149 FRANKLIN STREET,New York,NY,10013,USA
40.7451512,-73.9966221,230 WEST 24 STREET,New York,NY,10011,USA
40.732351,-73.983442,328 EAST 15 STREET,New York,NY,10003,USA
40.7165484,-73.9965624,159 CANAL STREET,New York,NY,10013,USA
40.7322862,-74.009705,178 CHRISTOPHER STREET,New York,NY,10014,USA
40.7293582,-73.9878306,236 EAST 9 STREET,New York,NY,10003,USA
40.740775,-73.98418,54 LEXINGTON AVENUE,New York,NY,10010,USA
40.7376817,-74.00410819999999,285 WEST 12 STREET,New York,NY,10014,USA
40.7301906,-73.97996719999999,500 EAST 14 STREET,New York,NY,10009,USA
40.719762,-73.98809299999999,107 RIVINGTON STREET,New York,NY,10002,USA
40.7034874,-74.0081305,100 OLD SLIP,New York,NY,10005,USA
40.745651,-73.97557599999999,643 2 AVENUE,New York,NY,10016,USA
40.7282374,-73.99159379999999,32 COOPER SQUARE,New York,NY,10003,USA
40.735053,-73.9995462,6 PATCHIN PLACE,New York,NY,10011,USA
40.7136076,-73.9886199,19 JEFFERSON STREET,New York,NY,10002,USA
40.7408141,-73.98126649999999,363 3 AVENUE,New York,NY,10016,USA
40.7214211,-73.98147060000001,250 EAST 2 STREET,New York,NY,10009,USA
40.7273647,-73.98707399999999,64 EAST 7 STREET,New York,NY,10003,USA
40.7207509,-73.9789174,316 EAST 3 STREET,New York,NY,10009,USA
40.733732,-74.005034,226 WEST 10 STREET,New York,NY,10014,USA
40.7422235,-73.9983226,221 WEST 19 STREET,New York,NY,10011,USA
40.7525871,-73.9927558,494 8 AVENUE,New York,NY,10001,USA
40.74742699999999,-73.97219559999999,343 EAST 39 STREET,New York,NY,10016,USA
40.7287056,-73.98725519999999,136 2 AVENUE,New York,NY,10003,USA
40.7211024,-73.9816999,249 EAST 2 STREET,New York,NY,10009,USA
40.7464776,-73.98632649999999,296 5 AVENUE,New York,NY,10001,USA
40.7364817,-73.9791426,379 1 AVENUE,New York,NY,10010,USA
40.7317265,-73.9996036,33 WASHINGTON SQUARE WEST,New York,NY,10011,USA
40.7452524,-74.0008962,344 WEST 22 STREET,New York,NY,10011,USA
40.7297023,-73.9919628,20 ASTOR PLACE,New York,NY,10003,USA
40.7471509,-73.98304379999999,169 MADISON AVENUE,New York,NY,10016,USA
40.72557219999999,-73.9902235,36 EAST 3 STREET,New York,NY,10003,USA
40.7178029,-73.98527829999999,172 DELANCEY ST NORTH,New York,NY,10002,USA
40.7358686,-73.9885845,105 EAST 16 STREET,New York,NY,10003,USA
40.7218962,-73.9837852,14 AVENUE B,New York,NY,10009,USA
40.7238718,-73.97619449999999,403 EAST 8 STREET,New York,NY,10009,USA
40.72259589999999,-73.9944349,16 PRINCE STREET,New York,NY,10012,USA
40.7317719,-74.00269700000001,26 JONES STREET,New York,NY,10014,USA
40.742961,-73.9824728,126 LEXINGTON AVENUE,New York,NY,10016,USA
40.734324,-74.003829,199 WEST 10 STREET,New York,NY,10014,USA
40.7450964,-73.99969039999999,315 WEST 22 STREET,New York,NY,10011,USA
40.752136,-73.999855,442 WEST 31 STREET,New York,NY,10001,USA
40.73515949999999,-73.9961841,40 WEST 12 STREET,New York,NY,10011,USA
40.7199271,-74.01212699999999,220 WEST STREET,New York,NY,10013,USA
40.720341,-73.981805,133 PITT STREET,New York,NY,10002,USA
40.7395109,-74.00213640000001,254 WEST 14 STREET,New York,NY,10011,USA
40.7333068,-73.9947147,7 EAST 10 STREET,New York,NY,10003,USA
40.7353953,-74.00626989999999,557 HUDSON STREET,New York,NY,10014,USA
40.7180827,-74.010942,334 GREENWICH STREET,New York,NY,10013,USA
40.7168362,-73.9910779,59 ORCHARD STREET,New York,NY,10002,USA
40.7226351,-73.9844267,178 EAST 2 STREET,New York,NY,10009,USA
40.7202455,-74.0070858,16 ERICSSON PLACE,New York,NY,10013,USA
40.7307158,-73.9955614,3 WASHINGTON SQUARE NORTH,New York,NY,10003,USA
40.7260681,-73.9986164,145 GREENE STREET,New York,NY,10012,USA
40.7167089,-73.996599,40 ELIZABETH STREET,New York,NY,10013,USA
40.729793,-73.98778999999999,38 STUYVESANT STREET,New York,NY,10003,USA
40.7179781,-73.98821149999999,80 ESSEX STREET,New York,NY,10002,USA
40.731561,-74.00753999999999,639 GREENWICH STREET,New York,NY,10014,USA
40.7306676,-74.0092442,600 WASHINGTON STREET,New York,NY,10014,USA
40.7185356,-73.99027199999999,97 ORCHARD STREET,New York,NY,10002,USA
40.7214492,-73.9881371,90 STANTON STREET,New York,NY,10002,USA
40.7490767,-73.9833981,1 EAST 35 STREET,New York,NY,10016,USA
40.74307,-74.00571599999999,431 WEST 16 STREET,New York,NY,10011,USA
40.723684,-73.9774335,261 EAST 7 STREET,New York,NY,10009,USA
40.7355369,-74.0045268,79 PERRY STREET,New York,NY,10014,USA
40.68945009999999,-74.016792,39 GOVERNORS ISLAND,New York,NY,10004,USA
40.7293427,-73.98979109999999,2 ST MARKS PLACE,New York,NY,10003,USA
40.7305803,-74.0034677,20 LEROY STREET,New York,NY,10014,USA
40.7154151,-73.9975247,2 ELIZABETH STREET,New York,NY,10013,USA
